<?xml version="1.0"?>
<Runs Version="1" Minor="0">
	<Run Id="item2_processing_system7_0_0_synth_1" LaunchDir="C:/Users/lenovo/item2_918107820336_9181040G0818/item2_918107820336_9181040G0818/item2_918107820336_9181040G0818.runs/item2_processing_system7_0_0_synth_1" FlowId="Vivado_Synthesis" FromStepId="vivado" ToStepId="vivado"/>
	<Run Id="synth_1" LaunchDir="C:/Users/lenovo/item2_918107820336_9181040G0818/item2_918107820336_9181040G0818/item2_918107820336_9181040G0818.runs/synth_1" FlowId="Vivado_Synthesis" FromStepId="vivado" ToStepId="vivado">
		<Parent Id="item2_processing_system7_0_0_synth_1"/>
	</Run>
	<Run Id="impl_1" LaunchDir="C:/Users/lenovo/item2_918107820336_9181040G0818/item2_918107820336_9181040G0818/item2_918107820336_9181040G0818.runs/impl_1" FlowId="Vivado_Implementation" FromStepId="init_design" ToStepId="write_bitstream">
		<Parent Id="synth_1"/>
		<Parent Id="item2_processing_system7_0_0_synth_1"/>
	</Run>
	<Parameters>
		<Parameter Name="runs.monitorLSFJobs" Val="true" Type="bool"/>
	</Parameters>
</Runs>

