<?xml version="1.0" encoding="UTF-8"?>
<GenRun Id="impl_1" LaunchPart="xc7a200tfbv676-2" LaunchTime="1606811409">
  <File Type="ROUTE-PWR" Name="rom_power_routed.rpt"/>
  <File Type="PA-TCL" Name="rom.tcl"/>
  <File Type="BITSTR-BMM" Name="rom_bd.bmm"/>
  <File Type="ROUTE-PWR-SUM" Name="rom_power_summary_routed.pb"/>
  <File Type="REPORTS-TCL" Name="rom_reports.tcl"/>
  <File Type="OPT-DCP" Name="rom_opt.dcp"/>
  <File Type="OPT-DRC" Name="rom_drc_opted.rpt"/>
  <File Type="OPT-HWDEF" Name="rom.hwdef"/>
  <File Type="PWROPT-DCP" Name="rom_pwropt.dcp"/>
  <File Type="PLACE-DCP" Name="rom_placed.dcp"/>
  <File Type="PLACE-IO" Name="rom_io_placed.rpt"/>
  <File Type="PLACE-UTIL" Name="rom_utilization_placed.rpt"/>
  <File Type="PLACE-UTIL-PB" Name="rom_utilization_placed.pb"/>
  <File Type="PLACE-CTRL" Name="rom_control_sets_placed.rpt"/>
  <File Type="PLACE-PRE-SIMILARITY" Name="rom_incremental_reuse_pre_placed.rpt"/>
  <File Type="BG-BGN" Name="rom.bgn"/>
  <File Type="POSTPLACE-PWROPT-DCP" Name="rom_postplace_pwropt.dcp"/>
  <File Type="BG-BIN" Name="rom.bin"/>
  <File Type="PHYSOPT-DCP" Name="rom_physopt.dcp"/>
  <File Type="BITSTR-MSK" Name="rom.msk"/>
  <File Type="ROUTE-ERROR-DCP" Name="rom_routed_error.dcp"/>
  <File Type="ROUTE-DCP" Name="rom_routed.dcp"/>
  <File Type="ROUTE-BLACKBOX-DCP" Name="rom_routed_bb.dcp"/>
  <File Type="ROUTE-DRC" Name="rom_drc_routed.rpt"/>
  <File Type="ROUTE-DRC-PB" Name="rom_drc_routed.pb"/>
  <File Type="ROUTE-DRC-RPX" Name="rom_drc_routed.rpx"/>
  <File Type="BITSTR-LTX" Name="rom.ltx"/>
  <File Type="ROUTE-METHODOLOGY-DRC" Name="rom_methodology_drc_routed.rpt"/>
  <File Type="BITSTR-MMI" Name="rom.mmi"/>
  <File Type="ROUTE-METHODOLOGY-DRC-RPX" Name="rom_methodology_drc_routed.rpx"/>
  <File Type="ROUTE-METHODOLOGY-DRC-PB" Name="rom_methodology_drc_routed.pb"/>
  <File Type="BITSTR-SYSDEF" Name="rom.sysdef"/>
  <File Type="ROUTE-PWR-RPX" Name="rom_power_routed.rpx"/>
  <File Type="ROUTE-STATUS" Name="rom_route_status.rpt"/>
  <File Type="ROUTE-STATUS-PB" Name="rom_route_status.pb"/>
  <File Type="ROUTE-TIMINGSUMMARY" Name="rom_timing_summary_routed.rpt"/>
  <File Type="ROUTE-TIMING-PB" Name="rom_timing_summary_routed.pb"/>
  <File Type="ROUTE-TIMING-RPX" Name="rom_timing_summary_routed.rpx"/>
  <File Type="ROUTE-CLK" Name="rom_clock_utilization_routed.rpt"/>
  <File Type="ROUTE-BUS-SKEW" Name="rom_bus_skew_routed.rpt"/>
  <File Type="ROUTE-BUS-SKEW-PB" Name="rom_bus_skew_routed.pb"/>
  <File Type="ROUTE-BUS-SKEW-RPX" Name="rom_bus_skew_routed.rpx"/>
  <File Type="POSTROUTE-PHYSOPT-DCP" Name="rom_postroute_physopt.dcp"/>
  <File Type="POSTROUTE-PHYSOPT-BLACKBOX-DCP" Name="rom_postroute_physopt_bb.dcp"/>
  <File Type="BG-BIT" Name="rom.bit"/>
  <File Type="BITSTR-RBT" Name="rom.rbt"/>
  <File Type="BITSTR-NKY" Name="rom.nky"/>
  <File Type="BG-DRC" Name="rom.drc"/>
  <File Type="RDI-RDI" Name="rom.vdi"/>
  <File Type="WBT-USG" Name="usage_statistics_webtalk.html"/>
  <FileSet Name="sources" Type="DesignSrcs" RelSrcDir="$PSRCDIR/sources_1">
    <Filter Type="Srcs"/>
    <File Path="$PSRCDIR/sources_1/new/rom.v">
      <FileInfo>
        <Attr Name="UsedIn" Val="synthesis"/>
        <Attr Name="UsedIn" Val="implementation"/>
        <Attr Name="UsedIn" Val="simulation"/>
      </FileInfo>
    </File>
    <Config>
      <Option Name="DesignMode" Val="RTL"/>
      <Option Name="TopModule" Val="rom"/>
      <Option Name="TopAutoSet" Val="TRUE"/>
    </Config>
  </FileSet>
  <FileSet Name="constrs_in" Type="Constrs" RelSrcDir="$PSRCDIR/constrs_1">
    <Filter Type="Constrs"/>
    <Config>
      <Option Name="ConstrsType" Val="XDC"/>
    </Config>
  </FileSet>
  <FileSet Name="utils" Type="Utils" RelSrcDir="$PSRCDIR/utils_1">
    <Filter Type="Utils"/>
    <Config>
      <Option Name="TopAutoSet" Val="TRUE"/>
    </Config>
  </FileSet>
  <Strategy Version="1" Minor="2">
    <StratHandle Name="Vivado Implementation Defaults" Flow="Vivado Implementation 2019"/>
    <Step Id="init_design"/>
    <Step Id="opt_design"/>
    <Step Id="power_opt_design"/>
    <Step Id="place_design"/>
    <Step Id="post_place_power_opt_design"/>
    <Step Id="phys_opt_design"/>
    <Step Id="route_design"/>
    <Step Id="post_route_phys_opt_design"/>
    <Step Id="write_bitstream"/>
    <Step Id="write_device_image"/>
  </Strategy>
</GenRun>
