<?xml version="1.0" encoding="UTF-8"?>
<GenRun Id="impl_1" LaunchPart="xc7a200tfbg676-2" LaunchTime="1606451713">
  <File Type="PLACE-DCP" Name="ALU_led_placed.dcp"/>
  <File Type="PA-DCP" Name="ALU_led.dcp"/>
  <File Type="OPT-METHODOLOGY-DRC" Name="ALU_led_methodology_drc_opted.rpt"/>
  <File Type="INIT-TIMING" Name="ALU_led_timing_summary_init.rpt"/>
  <File Type="ROUTE-PWR-RPX" Name="ALU_led_power_routed.rpx"/>
  <File Type="PA-TCL" Name="ALU_led.tcl"/>
  <File Type="OPT-HWDEF" Name="ALU_led.hwdef"/>
  <File Type="RDI-RDI" Name="ALU_led.vdi"/>
  <File Type="OPT-DCP" Name="ALU_led_opt.dcp"/>
  <File Type="OPT-DRC" Name="ALU_led_drc_opted.rpt"/>
  <File Type="OPT-TIMING" Name="ALU_led_timing_summary_opted.rpt"/>
  <File Type="PWROPT-DCP" Name="ALU_led_pwropt.dcp"/>
  <File Type="PWROPT-DRC" Name="ALU_led_drc_pwropted.rpt"/>
  <File Type="PWROPT-TIMING" Name="ALU_led_timing_summary_pwropted.rpt"/>
  <File Type="PLACE-IO" Name="ALU_led_io_placed.rpt"/>
  <File Type="PLACE-CLK" Name="ALU_led_clock_utilization_placed.rpt"/>
  <File Type="PLACE-UTIL" Name="ALU_led_utilization_placed.rpt"/>
  <File Type="PLACE-UTIL-PB" Name="ALU_led_utilization_placed.pb"/>
  <File Type="PLACE-CTRL" Name="ALU_led_control_sets_placed.rpt"/>
  <File Type="PLACE-SIMILARITY" Name="ALU_led_incremental_reuse_placed.rpt"/>
  <File Type="PLACE-PRE-SIMILARITY" Name="ALU_led_incremental_reuse_pre_placed.rpt"/>
  <File Type="PLACE-TIMING" Name="ALU_led_timing_summary_placed.rpt"/>
  <File Type="POSTPLACE-PWROPT-DCP" Name="ALU_led_postplace_pwropt.dcp"/>
  <File Type="POSTPLACE-PWROPT-TIMING" Name="ALU_led_timing_summary_postplace_pwropted.rpt"/>
  <File Type="PHYSOPT-DCP" Name="ALU_led_physopt.dcp"/>
  <File Type="PHYSOPT-DRC" Name="ALU_led_drc_physopted.rpt"/>
  <File Type="PHYSOPT-TIMING" Name="ALU_led_timing_summary_physopted.rpt"/>
  <File Type="ROUTE-ERROR-DCP" Name="ALU_led_routed_error.dcp"/>
  <File Type="ROUTE-DCP" Name="ALU_led_routed.dcp"/>
  <File Type="ROUTE-BLACKBOX-DCP" Name="ALU_led_routed_bb.dcp"/>
  <File Type="ROUTE-DRC" Name="ALU_led_drc_routed.rpt"/>
  <File Type="ROUTE-DRC-PB" Name="ALU_led_drc_routed.pb"/>
  <File Type="BG-BIN" Name="ALU_led.bin"/>
  <File Type="ROUTE-DRC-RPX" Name="ALU_led_drc_routed.rpx"/>
  <File Type="BG-DRC" Name="ALU_led.drc"/>
  <File Type="ROUTE-METHODOLOGY-DRC" Name="ALU_led_methodology_drc_routed.rpt"/>
  <File Type="BITSTR-MSK" Name="ALU_led.msk"/>
  <File Type="ROUTE-METHODOLOGY-DRC-RPX" Name="ALU_led_methodology_drc_routed.rpx"/>
  <File Type="BG-BGN" Name="ALU_led.bgn"/>
  <File Type="ROUTE-METHODOLOGY-DRC-PB" Name="ALU_led_methodology_drc_routed.pb"/>
  <File Type="ROUTE-PWR" Name="ALU_led_power_routed.rpt"/>
  <File Type="ROUTE-PWR-SUM" Name="ALU_led_power_summary_routed.pb"/>
  <File Type="ROUTE-STATUS" Name="ALU_led_route_status.rpt"/>
  <File Type="ROUTE-STATUS-PB" Name="ALU_led_route_status.pb"/>
  <File Type="ROUTE-TIMINGSUMMARY" Name="ALU_led_timing_summary_routed.rpt"/>
  <File Type="ROUTE-TIMING-PB" Name="ALU_led_timing_summary_routed.pb"/>
  <File Type="ROUTE-TIMING-RPX" Name="ALU_led_timing_summary_routed.rpx"/>
  <File Type="ROUTE-SIMILARITY" Name="ALU_led_incremental_reuse_routed.rpt"/>
  <File Type="ROUTE-CLK" Name="ALU_led_clock_utilization_routed.rpt"/>
  <File Type="POSTROUTE-PHYSOPT-DCP" Name="ALU_led_postroute_physopt.dcp"/>
  <File Type="POSTROUTE-PHYSOPT-BLACKBOX-DCP" Name="ALU_led_postroute_physopt_bb.dcp"/>
  <File Type="POSTROUTE-PHYSOPT-TIMING" Name="ALU_led_timing_summary_postroute_physopted.rpt"/>
  <File Type="POSTROUTE-PHYSOPT-TIMING-PB" Name="ALU_led_timing_summary_postroute_physopted.pb"/>
  <File Type="POSTROUTE-PHYSOPT-TIMING-RPX" Name="ALU_led_timing_summary_postroute_physopted.rpx"/>
  <File Type="BG-BIT" Name="ALU_led.bit"/>
  <File Type="BITSTR-RBT" Name="ALU_led.rbt"/>
  <File Type="BITSTR-NKY" Name="ALU_led.nky"/>
  <File Type="BITSTR-BMM" Name="ALU_led_bd.bmm"/>
  <File Type="BITSTR-MMI" Name="ALU_led.mmi"/>
  <File Type="BITSTR-SYSDEF" Name="ALU_led.sysdef"/>
  <File Type="WBT-USG" Name="usage_statistics_webtalk.html"/>
  <FileSet Name="sources" Type="DesignSrcs" RelSrcDir="$PSRCDIR/sources_1">
    <Filter Type="Srcs"/>
    <File Path="$PPRDIR/../ALU.v">
      <FileInfo>
        <Attr Name="UsedIn" Val="synthesis"/>
        <Attr Name="UsedIn" Val="implementation"/>
        <Attr Name="UsedIn" Val="simulation"/>
      </FileInfo>
    </File>
    <File Path="$PPRDIR/../led_seg7.v">
      <FileInfo>
        <Attr Name="UsedIn" Val="synthesis"/>
        <Attr Name="UsedIn" Val="implementation"/>
        <Attr Name="UsedIn" Val="simulation"/>
      </FileInfo>
    </File>
    <File Path="$PPRDIR/../ALU_led.v">
      <FileInfo>
        <Attr Name="UsedIn" Val="synthesis"/>
        <Attr Name="UsedIn" Val="implementation"/>
        <Attr Name="UsedIn" Val="simulation"/>
      </FileInfo>
    </File>
    <Config>
      <Option Name="DesignMode" Val="RTL"/>
      <Option Name="TopModule" Val="ALU_led"/>
      <Option Name="TopAutoSet" Val="TRUE"/>
    </Config>
  </FileSet>
  <FileSet Name="constrs_in" Type="Constrs" RelSrcDir="$PSRCDIR/constrs_1">
    <Filter Type="Constrs"/>
    <File Path="$PSRCDIR/constrs_1/new/ALU_led.xdc">
      <FileInfo>
        <Attr Name="UsedIn" Val="synthesis"/>
        <Attr Name="UsedIn" Val="implementation"/>
      </FileInfo>
    </File>
    <Config>
      <Option Name="TargetConstrsFile" Val="$PSRCDIR/constrs_1/new/ALU_led.xdc"/>
      <Option Name="ConstrsType" Val="XDC"/>
    </Config>
  </FileSet>
  <Strategy Version="1" Minor="2">
    <StratHandle Name="Vivado Implementation Defaults" Flow="Vivado Implementation 2017"/>
    <Step Id="init_design"/>
    <Step Id="opt_design"/>
    <Step Id="power_opt_design"/>
    <Step Id="place_design"/>
    <Step Id="post_place_power_opt_design"/>
    <Step Id="phys_opt_design"/>
    <Step Id="route_design"/>
    <Step Id="post_route_phys_opt_design"/>
    <Step Id="write_bitstream"/>
  </Strategy>
</GenRun>
